{"cameraMode":{"drawMode":0,"name":"Shaded","section":"Shading Mode"},"sceneLighting":true,"audioPlay":false,"sceneViewState":{"showFog":true,"showMaterialUpdate":true,"showSkybox":true,"showFlares":true,"showImageEffects":true,"showParticleSystems":true},"in2DMode":false,"pivot":{"x":-206.41050720214845,"y":-368.91424560546877,"z":789.5202026367188},"rotation":{"x":0.21035656332969666,"y":-0.6715785264968872,"z":0.20797546207904817,"w":0.6792972683906555},"size":379.19012451171877,"orthographic":false}