{"cameraMode":{"drawMode":0,"name":"Shaded","section":"Shading Mode"},"sceneLighting":false,"audioPlay":false,"sceneViewState":{"showFog":true,"showMaterialUpdate":true,"showSkybox":false,"showFlares":true,"showImageEffects":true,"showParticleSystems":true},"in2DMode":false,"pivot":{"x":-0.08761801570653916,"y":0.9450351595878601,"z":-0.8833618760108948},"rotation":{"x":0.000793052080553025,"y":-0.9951804876327515,"z":0.09764949977397919,"w":0.008068018592894078},"size":1.0380196571350098,"orthographic":false}